,song_name,tempo,total_beats,average_beats,chroma_stft_mean,chroma_stft_std,chroma_stft_var,chroma_cq_mean,chroma_cq_std,chroma_cq_var,chroma_cens_mean,chroma_cens_std,chroma_cens_var,melspectrogram_mean,melspectrogram_std,melspectrogram_var,mfcc_mean,mfcc_std,mfcc_var,mfcc_delta_mean,mfcc_delta_std,mfcc_delta_var,rmse_mean,rmse_std,rmse_var,cent_mean,cent_std,cent_var,spec_bw_mean,spec_bw_std,spec_bw_var,contrast_mean,contrast_std,contrast_var,rolloff_mean,rolloff_std,rolloff_var,poly_mean,poly_std,poly_var,tonnetz_mean,tonnetz_std,tonnetz_var,zcr_mean,zcr_std,zcr_var,harm_mean,harm_std,harm_var,perc_mean,perc_std,perc_var,frame_mean,frame_std,frame_var
1,'Saiyaan Superstar' VIDEO Song   Sunny Leone   Tulsi Kumar   Ek Paheli Leela.mp3,103.359375,129903,1273.5588235294117,0.35071629880292315,0.3082108432281603,0.09499392388341359,0.4878546728479336,0.2790580350313887,0.07787338691557975,0.2542994134070235,0.13662042919774886,0.018665141674177106,19.826701875371178,127.26335979294139,16195.96274578765,5.619734215235298,26.612055521180864,708.201499062413,0.012356970300518405,3.148277021508316,9.911648204157272,0.2840979993343353,0.10841521620750427,0.011753858998417854,2779.9343944300167,767.9196429310002,589700.5779992748,2668.7445915939097,418.6725484487491,175286.70282457018,20.775314824186104,7.1650166660951085,51.33746382542066,5830.2980783184985,1478.9244239121774,2187217.451643966,3.4730109694069395,4.099982790654964,16.809858883666873,-0.001222057861287743,0.06602408564495138,0.004359179885251875,0.12553042007304566,0.06619794674890485,0.004382168153770841,-1.7325891121799941e-06,0.22724199295043945,0.051638923585414886,5.9715235693147406e-05,0.131046861410141,0.0171732809394598,2.0630929705215424,1.1185964622148092,1.2512580452794873
2,Salaam Aaya (Video Song)   Salman Khan with Zarine Khan   Veer.mp3,103.359375,116844,1243.0212765957447,0.29836844879819086,0.31085906807687164,0.0966333602056211,0.494781830852015,0.2782110650991121,0.07740139674358237,0.25345688700748115,0.1373578959062631,0.01886719156779581,0.5639224574652216,4.916873153048954,24.175641603173556,-13.7297959497072,82.40810380592,6791.095572887289,0.0019592264849637507,1.8542140198159658,3.4381096312820825,0.03979949280619621,0.03095349669456482,0.0009581189951859415,1904.5138010418939,822.5067872535589,676517.4150781711,2238.0170274852753,639.4444706803927,408889.2310837275,21.0055934418701,7.164827912764238,51.33475901952555,3977.821779989237,2058.3180455965094,4236673.1768282335,0.4183808453539477,0.6661563480735331,0.4437642800786662,0.00486923818651131,0.07906498728902796,0.006251272215014152,0.09131445161329334,0.06265310059075836,0.003925411013635686,-1.5769564924994484e-06,0.044811028987169266,0.0020080283284187317,-4.67699783257558e-06,0.01181656215339899,0.0001396311417920515,5.158312925170067,2.5644363799442234,6.576333946781434
3,"SANAM RE REMIX Video Song   DJ Chetas   Pulkit Samrat, Yami Gautam   Divya Khosla Kumar   T-Series.mp3",129.19921875,84119,914.3369565217391,0.4378843008918965,0.3101654394399191,0.09620259982295812,0.48738166119392556,0.28488337635019134,0.08115853812068477,0.25339773159994816,0.1382856570774206,0.019122922953333968,12.658344794021962,122.11317112274355,14911.626561652449,3.023027290442847,35.46855338915104,1258.0182795190578,0.014037053223190172,3.2620086180246384,10.640700224067011,0.20871496200561523,0.11199229210615158,0.012542272917926311,2432.8713297593126,901.9565528956414,813525.6233113878,2589.2856999107566,460.3911493192869,211960.01037153395,20.569997382671804,7.567576817301904,57.26821888576522,5339.0593821050215,1864.5888575059419,3476691.6075353133,2.4184235231345124,3.2662311651934575,10.668266024481012,0.012620132149652451,0.07603744735609964,0.0057816934004316246,0.09199547546197756,0.06004457312573805,0.0036053507618521038,1.714327936497284e-06,0.17093560099601746,0.029218977317214012,2.829352524713613e-05,0.12142288684844971,0.014743518084287643,4.532535147392291,2.659142069224682,7.071036544320525
4,Sara Bareilles - Brave.mp3,92.28515625,117674,1279.0652173913043,0.4584365877556431,0.30467230758754626,0.09282521501072041,0.6065950003097788,0.24032394333624793,0.05775559774068411,0.27856517706764167,0.07572830024902685,0.005734775458606761,11.537929750777936,79.62191201069514,6339.6488722388785,4.121909402720601,39.981569594425366,1598.5259072338788,0.012095102662271687,3.5027335683415983,12.269142450787065,0.20809435844421387,0.09436655789613724,0.008905047550797462,2427.166892817734,1043.4985684181556,1088889.2622907402,2547.2022139218357,450.01603716981833,202514.43371002734,19.529846405083745,7.398969701191342,54.74475263914749,5226.897560332212,1688.1904496132947,2849986.994165538,2.3273145891294247,3.043820675006915,9.26484430159955,0.001486777891137583,0.044962399884373505,0.0020216174033623104,0.09302872696159056,0.08380683352688276,0.007023585345802641,4.475784407986794e-06,0.16733261942863464,0.028000205755233765,-9.311229950981215e-05,0.10912365466356277,0.011907972395420074,4.846004535147392,2.4510870182644746,6.007827571104632
5,"Selena Gomez, Marshmello - Wolves (Visualizer).mp3",123.046875,158679,1290.0731707317073,0.30211456120951974,0.3048316560185858,0.09292233851103343,0.4072798398171019,0.2828450280104842,0.0800013098702516,0.23421746341110972,0.16874689083535374,0.028475513166598788,9.750501682782902,67.69244032669651,4582.266477383368,-0.3328478723828264,45.1167161972704,2035.5180804250415,0.011635548464344012,2.6279430101641057,6.906084464670382,0.18401557207107544,0.10620654374361038,0.01127983070909977,2193.3859465609416,1015.0483835366215,1030323.2209203081,2325.5177932649326,746.8408903427772,557771.3154879923,22.472739717152418,7.150721927734546,51.13282408778366,4687.671654290828,2132.7884336653215,4548786.502776575,2.103937331685876,2.938665071343687,8.635752401535395,0.0009144701540899761,0.09041812253760118,0.008175436883224661,0.10021084528589397,0.06282864969007788,0.003947439221878524,-2.2817073840997182e-05,0.16791993379592896,0.02819710224866867,-5.21887959621381e-05,0.09012249857187271,0.008122064173221588,3.2182857142857144,1.9221214223360061,3.6945507622029914
6,"Selena Gomez, Marshmello - Wolves.mp3",123.046875,160047,1301.1951219512196,0.338469471740093,0.31990091275431143,0.10233659398104158,0.44812842810985926,0.2902686253385356,0.08425587485592316,0.24187831944383414,0.1575697049447001,0.02482821191635985,3.5896678905936446,30.33251913097133,920.0617168307417,-4.571071202024983,61.00703701016018,3721.858564759054,0.012828183974887108,2.418714014971532,5.850177486219708,0.10081347078084946,0.07966319471597672,0.006346224807202816,2166.334747623139,1037.1141538230659,1075605.768060134,2349.9890255612927,771.0690088752493,594547.4164478594,21.877968065185463,7.451910428283886,55.53096903116613,4722.675609293367,2188.8062243298673,4790872.68766517,1.102290787861047,1.7760303896552558,3.154283944979,0.003743377425761616,0.08669326547806364,0.0075157222792500205,0.0985390866873065,0.06998822786134273,0.004898352039171231,-7.063950033625588e-05,0.1020277738571167,0.01040966622531414,-0.00011950286716455594,0.05504550412297249,0.00303000770509243,7.224888888888889,4.1503372855635225,17.225299583938792
7,"Shawn Mendes, Zedd - Lost In Japan (Original + Remix).mp3",103.359375,106462,1774.3666666666666,0.3901533508117177,0.30829593790178206,0.09504638532673945,0.5444130541011778,0.27936076973002105,0.07804243966414984,0.26187061107605786,0.12147887218765806,0.014757116387985363,0.2942641646159235,3.2010677291554397,10.246834606640364,-8.022999447852113,82.03828517266247,6730.280234071091,0.00782282576062724,3.083153141805069,9.505833295822466,0.02865966036915779,0.02106384187936783,0.00044368545059114695,1618.7665188110705,1028.7004562789127,1058224.6287484434,2033.9076918894887,772.6826506352296,597038.4785926843,19.753076701847064,6.893789916868676,47.52433941792023,3311.53414227276,2285.2359956938244,5222303.556014745,0.28094780214801823,0.3833916755446368,0.1469891768769241,-0.003132569213583587,0.06720667528569842,0.004516737202957307,0.06562583143866099,0.06204884936792396,0.003850059707883318,-3.5842126635543536e-06,0.025596654042601585,0.0006551886908710003,2.129015229002107e-05,0.01754455268383026,0.00030781130772084,24.49705215419501,8.971049837590215,80.47973518852741
8,"Silk City, Dua Lipa - Electricity (Official Video) ft. Diplo, Mark Ronson.mp3",117.45383522727273,148965,1295.3478260869565,0.3614798111545035,0.30358651508113305,0.09216477213910701,0.45565232559753066,0.2911314730894621,0.08475753462324019,0.24586588860229056,0.1512722649897838,0.022883298155139373,3.7036634877994192,35.22025656452038,1240.4664724706413,-5.25435860572296,50.695391218770936,2570.022690824237,0.007809825976690172,3.2119572650279506,10.316669472365833,0.11095886677503586,0.06573645770549774,0.004321282263845205,2106.801065569844,931.3502685639933,867413.3227542223,2249.7392582216985,688.9321703675864,474627.5353673931,22.30160287235232,8.053407249150126,64.85736832066381,4408.33584339626,2123.5772245054754,4509580.228438379,1.1285485597934939,1.4152510537432597,2.002935545121407,-0.00047800803318330304,0.09033559089529854,0.008160518982402745,0.09640266725522446,0.06985563660309653,0.0048798099652238806,-2.3753349523758516e-05,0.11244305968284607,0.012643441557884216,-7.41572875995189e-05,0.043620672076940536,0.0019027631497010589,3.2635646258503406,1.7960522347780603,3.225803630051265
9,Su Chhe - What's Your Rashee   Priyanka Chopra   Harman.mp3,135.99917763157896,163819,1241.0530303030303,0.28198955806504267,0.29996274118001987,0.08997764609623157,0.4420101306389077,0.283130634413822,0.08016295614357334,0.24979670685853791,0.14468911008076243,0.020934938575962993,12.18003911056638,69.85380025911908,4879.553410640906,-1.0161431323734333,42.95215210528566,1844.8873704755958,0.015098531231414003,2.8844563439501316,8.32008840015416,0.22168223559856415,0.09293580800294876,0.008637065067887306,2639.8264233661043,896.6610230761811,804000.9903040238,2696.701836864518,438.68648962690077,192445.83618117293,23.13158619589687,7.980882090053445,63.694478935335844,5764.831807517415,1723.1836607527312,2969361.9286851836,2.497226468851306,3.1317415555219847,9.80780517058326,-0.0022612021207426697,0.08407932609131728,0.007069333075970068,0.12848712932952785,0.06743113155739627,0.004546957503110883,3.944510899600573e-05,0.1921270340681076,0.03691279888153076,0.0005936401430517435,0.0962255448102951,0.009259356185793877,3.1625578231292515,2.0604697477139626,4.24553558124444
10,"Subha Hone Na De  Desi Boyz  Feat. Akshay Kumar, John Abraham.mp3",129.19921875,166238,1278.753846153846,0.3979846058160102,0.30153582816231006,0.09092385566553017,0.4772069713592296,0.286955000165064,0.08234317211973188,0.2460872472555318,0.1509118950630735,0.02277440007152811,10.031371458792876,76.90184739783766,5913.8941332003105,3.7642735455131016,32.30652638510262,1043.711647071332,0.014000537045614356,2.7312043734355633,7.459477329473548,0.18946771323680878,0.08914722502231598,0.007947227917611599,2372.7062691163783,589.094276331704,347032.06640677404,2681.3781372457124,364.5182216246691,132873.53389641136,21.051316262470007,6.406777051359423,41.04679218582575,5507.958360796004,1434.9071180501048,2058958.4374308572,2.019012881044535,2.424129225863764,5.876402503686851,0.004268303006871316,0.07674557933377524,0.0058898839472767885,0.07757341603376548,0.039260637599082826,0.001541397664686516,-3.93502034512494e-07,0.16750426590442657,0.028057681396603584,0.00024416547967121005,0.0822957381606102,0.006772588472813368,2.48453514739229,1.6294056168805744,2.654962664321965
11,Super Girl From China Video Song   Kanika Kapoor Feat Sunny Leone Mika Singh   T-Series.mp3,107.666015625,137541,1273.5277777777778,0.47192259355548993,0.3044124241985989,0.09266692400646771,0.5808053596718727,0.2634871055042642,0.06942545476701525,0.2719531140420182,0.09682374241983417,0.009374837096182396,5.560949839357909,45.105944897400974,2034.546265087373,0.6641143888007748,42.02862345875176,1766.4051898375387,0.011177984688311776,4.1758803467186825,17.437976670111343,0.134857177734375,0.09207296371459961,0.008477430790662766,2621.504139574416,1057.7248225169624,1118781.8001685394,2497.2108959679276,487.588638560877,237742.68045364952,18.934039835509974,7.601279866852013,57.77945561420976,5306.876243378725,1958.5561085518746,3835942.0303458623,1.7701105178661607,2.6533078538040358,7.040042567058179,0.0007515087136875175,0.05491596744336032,0.00301576348024021,0.12928247599409828,0.08182209503181177,0.006694855235394836,-4.89651138195768e-05,0.09829689562320709,0.009662279859185219,-3.4878023143392056e-05,0.09641776978969574,0.009296386502683163,4.408308390022675,3.151233376709653,9.930271794488922
12,Surili Akhiyon Wale (Full Video Song)   Veer   Salman Khan & Zarine Khan.mp3,75.99954044117646,96930,1258.8311688311687,0.2768619722152085,0.2997795627738034,0.08986778625685275,0.47029543169114524,0.27085830507460645,0.07336422142788857,0.2539661507429588,0.1372389434895871,0.01883452761013808,3.016486763631064,23.226316512843443,539.461778754784,-4.229451288121911,54.44542037506867,2964.303799817943,0.011611092572291674,2.7034880401801393,7.308847583397051,0.09940481930971146,0.05996416136622429,0.0035957004874944687,1905.5377091146463,761.013941118243,579142.2185763206,2201.871088772533,536.0909313018888,287393.48662412644,22.36382629990206,7.182356255401767,51.586241379508884,3968.9676668621805,1810.032817629228,3276218.8008948024,1.1078350979410196,1.5109374239024862,2.2829318989490814,0.011252101734510385,0.07850779418391038,0.006163473747623232,0.07938614127805728,0.04185079194548534,0.0017514887864643004,5.9388563386164606e-05,0.09338133037090302,0.00872007291764021,-0.00018877550610341132,0.04093029350042343,0.0016752887750044465,2.2372426303854875,1.070192444624865,1.1453118685321446
13,Taylor Swift - You Belong With Me.mp3,129.19921875,128058,1133.2566371681417,0.3789982981071773,0.30059670751166384,0.09035838056685278,0.4787486119392267,0.28897697134541217,0.08350768996796717,0.24945575811645326,0.14527614420777726,0.0211051580758789,0.3412034598676946,2.171891149937091,4.7171111671750605,-4.944601799824585,67.83072427138546,4601.007155180721,0.013370932861057734,3.771959276217183,14.227676781440858,0.036969393491744995,0.015617418102920055,0.00024390373437199742,2479.9895428779173,1152.2734694260578,1327734.148343164,2662.999010560565,608.9993457022255,370880.20306573866,21.423230960161295,6.26894015831111,39.29961070848572,5332.030257942507,2201.962436896389,4848638.573502685,0.4136311637083538,0.5474963713501086,0.2997522766415361,-0.015176873809357921,0.07996597010340149,0.006394556374578101,0.10673234780137383,0.08371910971893462,0.007008889332131014,6.82188499467884e-07,0.02779325842857361,0.0007724652532488108,2.122317710018251e-05,0.02133401297032833,0.0004551401361823082,3.118439909297052,1.3353412143649193,1.7831361587815775
14,The Breakup Song - Ae Dil Hai Mushkil   Latest Official Song 2016   Pritam   Arijit I Badshah.mp3,112.34714673913044,142885,1275.7589285714287,0.39813103547456313,0.297776214078937,0.08867067367118493,0.5613980120543345,0.2528663630384996,0.06394139755631827,0.27063700763494614,0.100443732665286,0.010088943431735442,19.01849757761387,112.75769053597249,12714.29677500614,6.247788409741717,30.979202576464047,959.7109922735967,0.013227466830416435,3.313060115952466,10.976367331914968,0.27710074186325073,0.10215318948030472,0.010435274802148342,2358.8777223243947,752.4136452239205,566126.2935191478,2593.503962360778,470.9773437458098,221819.65832185865,19.520173473560725,6.851604514632298,46.94448442492968,5261.78901601502,1734.814309161557,3009580.6872716905,3.6111840382805145,4.368147292833895,19.080710771892086,0.0014612891685935425,0.05307640918334985,0.002817105211798384,0.09794328530137383,0.05309281359652231,0.0028188468555950647,-4.041590364067815e-05,0.1912451833486557,0.03657471761107445,-0.0020849276334047318,0.15594667196273804,0.02431936375796795,2.0549659863945577,1.1984623684457436,1.4363120485805814
15,The Chainsmokers & Coldplay - Something Just Like This (Lyric) (2).mp3,103.359375,130167,1276.1470588235295,0.3653870919660896,0.2973774473232786,0.08843334617650934,0.3878699272846612,0.28625739436574493,0.08194329582906562,0.22623762946568987,0.1793038436483684,0.032149868347078545,8.217441155570546,60.983284089581076,3718.960938350552,1.605455437795787,44.797278319020705,2006.7961447918028,0.013210209060107435,2.5221545853194987,6.361263752248173,0.1670541614294052,0.08878403902053833,0.007882606238126755,2144.364734930745,1107.3528416112265,1226230.315824458,2514.2443636419603,537.3769702897533,288774.0081977944,20.98066079295064,6.195502805346685,38.38425501105864,4880.737153516834,2089.3885273704723,4365544.41830735,1.643361509752785,2.0619518145125433,4.251645285371569,0.001707165991256415,0.09869847936726428,0.009741389829410292,0.07068400191079721,0.0704723663939513,0.004966354425163316,-0.0036869614850729704,0.17054513096809387,0.029085639864206314,-0.000882604334037751,0.05033111199736595,0.002533220686018467,6.789514739229025,3.037241076232757,9.224833355155516
16,The Chainsmokers & Coldplay - Something Just Like This (Lyric).mp3,103.359375,130167,1276.1470588235295,0.3653870919660896,0.2973774473232786,0.08843334617650934,0.3878699272846612,0.28625739436574493,0.08194329582906562,0.22623762946568987,0.1793038436483684,0.032149868347078545,8.217441155570546,60.983284089581076,3718.960938350552,1.605455437795787,44.797278319020705,2006.7961447918028,0.013210209060107435,2.5221545853194987,6.361263752248173,0.1670541614294052,0.08878403902053833,0.007882606238126755,2144.364734930745,1107.3528416112265,1226230.315824458,2514.2443636419603,537.3769702897533,288774.0081977944,20.98066079295064,6.195502805346685,38.38425501105864,4880.737153516834,2089.3885273704723,4365544.41830735,1.643361509752785,2.0619518145125433,4.251645285371569,0.001707165991256415,0.09869847936726428,0.009741389829410292,0.07068400191079721,0.0704723663939513,0.004966354425163316,-0.0036869614850729704,0.17054513096809387,0.029085639864206314,-0.000882604334037751,0.05033111199736595,0.002533220686018467,6.789514739229025,3.037241076232757,9.224833355155516
17,The Chainsmokers - Side Effects ft. Emily Warren (Official Music Video).mp3,107.666015625,131519,1252.5619047619048,0.442543811807398,0.30608527393815965,0.09368819492179825,0.5174673678939741,0.27820808227707305,0.07739973704428664,0.2595043023585751,0.12645493422845377,0.01599085039072257,8.456889432001466,102.19798666105453,10444.42847757308,2.4421104093224817,51.57678475393066,2660.164725553294,0.012726199349483752,2.8029916263613623,7.856762057451914,0.1511734575033188,0.11802426725625992,0.013929727487266064,2206.396015747693,1067.6442614941209,1139864.2691013266,2605.580330627768,737.4552122957479,543840.1901421666,19.967406318675785,7.284084643957897,53.05788910034324,5005.473899250798,2530.724586858373,6404566.934529484,1.4053590073311781,2.0370352630644852,4.149512662968197,0.009045173433720338,0.06594602954747843,0.004348878813076897,0.08652442010932662,0.07475467961585415,0.005588262124469,-0.00041891715954989195,0.15706020593643188,0.024667909368872643,-0.0003511159447953105,0.0631369948387146,0.003986280411481857,9.07784126984127,3.289633142386238,10.821686211485957
18,The Fray - You Found Me.mp3,75.99954044117646,89757,1246.625,0.34285660989827293,0.29471539130242397,0.08685716187054088,0.439138485574541,0.2712559087959064,0.07357976805669307,0.24632166944153172,0.1505289623191168,0.02265896849687009,7.891114318777416,52.27411956973125,2732.583576790559,0.9943279979684991,40.83504045036455,1667.5005285829093,0.012842759589223375,2.3889014492134253,5.7068501340540045,0.1637807935476303,0.09291309863328934,0.008632843382656574,2218.6656624840402,997.0136838119844,994036.2857083436,2348.985301018041,609.6736050836743,371701.904735724,21.539919815335168,7.104063671992917,50.467720655729494,4550.976647533499,2144.3456942546977,4598218.456468662,2.0142375168389934,2.6294469657885315,6.913991345894515,0.0005356214028165673,0.08073767962450339,0.006518572911148948,0.09884105009191177,0.07741247574834356,0.00599269140148788,-3.914076103228581e-07,0.15631169080734253,0.024433346465229988,-0.00012912691454403102,0.06529627740383148,0.004263604059815407,2.800326530612245,1.5095006595614213,2.278592241216366
19,The Him feat. Son Mieux - Feels Like Home (Official Video 4K).mp3,161.4990234375,200653,1269.9556962025317,0.3738150923412265,0.2954279747842057,0.08727768828509727,0.44054624229328804,0.2738666509307717,0.07500294249203716,0.2465256633910189,0.15019464245755032,0.022558430622951375,3.474764737500051,24.17466454372968,584.414405801861,-4.377683300171065,44.76979734428389,2004.3347542482488,0.0036314911280351933,2.3876681219468434,5.700959060561166,0.11674544215202332,0.06098569184541702,0.003719254629686475,2772.509768387526,1163.903357260592,1354671.0250424773,2577.648137031622,607.6339341898447,369218.99797902856,21.577707615550786,7.735197880084511,59.83328624406391,5726.152874736963,2246.3710852486124,5046183.052641029,1.5599309384626276,2.0553711411600784,4.224550527913683,-0.0024223956913806384,0.08372453743464674,0.007009798168645564,0.14289501650783668,0.10186040377898743,0.010375541858018358,1.9626334051281447e-06,0.10103578120470047,0.010208229534327984,-5.141545443620998e-06,0.05319086089730263,0.002829267643392086,1.2062766439909296,0.7190119977933104,0.5169782529707273
20,The Killers - Mr. Brightside.mp3,73.828125,93008,1274.0821917808219,0.3806124888192255,0.2931212836433585,0.08592008692473023,0.5138908534975719,0.26072262315046885,0.06797628622246141,0.26070683906155184,0.12395675616870361,0.015365277399867441,1.9372823084480848,7.868588350839425,61.91468263496591,-2.892004266657274,39.40833678956925,1553.0170085201169,0.012770254197937075,1.944456763449534,3.7809121049246373,0.09388600289821625,0.03476732596755028,0.0012087670620530844,2943.433713722835,902.8432480438914,815125.9305384436,2582.0180165792954,627.9239645884445,394288.5053044701,19.70079538062259,6.504204338131391,42.3046740721672,5982.030494146672,1786.8845979886564,3192956.5665290826,1.3899289908140449,1.6358393895006949,2.675970508242006,-0.01818003474385323,0.0631109994168823,0.0039829982473977175,0.15983822471217105,0.0700965170463684,0.004913521702031816,1.1427723620727193e-06,0.06998946517705917,0.004898525308817625,-3.626683974289335e-05,0.04695168882608414,0.002204461256042123,7.096018140589569,2.6420941486140164,6.980661490140425
21,The Wanted - Chasing The Sun.mp3,129.19921875,164054,1312.432,0.443971229545141,0.2890722753509725,0.08356278037658846,0.593484565514628,0.26025175427985753,0.06773097560574333,0.2741339201245683,0.09046506049558649,0.008183927170470123,2.6591887031267887,28.80754803430676,829.8748237488911,-0.43241008183851903,46.86381034319978,2196.2167198833986,0.00856756646088231,2.4681087889764077,6.091560994222591,0.09477167576551437,0.05563933774828911,0.003095736028626561,2747.2307280505265,1257.0570731741088,1580192.4852170567,2789.931978199861,535.5855534594705,286851.8850744873,19.409894449934278,6.6033491570912375,43.60422009045756,5977.297189434985,2340.7089262265654,5478918.27731672,1.0096559176006654,1.330550076617217,1.7703635063860816,0.008304805412645066,0.04839090255239113,0.002341679449835015,0.12209185431985294,0.10601225640049818,0.011238598507124966,-2.22113180825545e-06,0.06839607656002045,0.004678023047745228,-7.004843610047828e-06,0.06288126856088638,0.003954053856432438,3.779047619047619,1.9020938047955624,3.617960842241659
22,The Weeknd - Can't Feel My Face.mp3,107.666015625,136080,1463.225806451613,0.3811787299169914,0.303641953603876,0.09219843598837839,0.40604006557210115,0.29416704419160616,0.08653424988842638,0.22689368005987204,0.17847294271743758,0.03185259128222175,9.320048765963007,73.29882800166695,5372.718186417954,4.968118315207255,42.14017317514064,1775.794195230843,0.008969488601866209,2.850179101310469,8.123520909546954,0.18776190280914307,0.07695301622152328,0.0059217666275799274,2018.7303896194767,975.5407642137,951679.7826426498,2485.148709705957,607.555291904026,369123.43272058625,20.781275648858607,7.490232370381429,56.1035809623098,4562.751576332116,2329.9600994465027,5428714.065012757,1.9818013340432723,2.355053108218177,5.5462751425280965,-0.0023662008522326973,0.09075834048275573,0.008237076367183817,0.0701167339880031,0.05564885105948768,0.0030967946242410425,-8.487600666740036e-07,0.16584956645965576,0.027506079524755478,-0.00010772071982501075,0.06805533170700073,0.004631528630852699,10.402539682539683,3.1582638194745747,9.97463035340213
23,Timeflies - Once In a While.mp3,103.359375,115953,1207.84375,0.37724118206201734,0.3085939226197791,0.09523020907786219,0.5148759376231876,0.2901270685248404,0.08417371589081742,0.2603020707773357,0.12480450826137757,0.015576165282364262,11.898668266563066,150.01306858822022,22503.920747254062,-2.1620087138905504,45.34794110599813,2056.435762553075,0.009425062192965766,3.5367241506567706,12.508417717838856,0.1864645779132843,0.13070069253444672,0.01708267070353031,2148.480694154457,1161.2003378995053,1348386.2247379252,2280.119465889553,728.4397698057924,530624.4982347158,21.451633867241977,7.082038511608363,50.15526947990399,4498.797796385207,2416.4462486702378,5839212.472712465,1.7538686967451427,2.2813787518092306,5.204689009206642,0.001423437038144522,0.06694764090087701,0.004481986622192781,0.0914773380055147,0.07912436451552199,0.006260665059985196,-5.9233943829895e-06,0.14867381751537323,0.02210390195250511,-0.00012516925926320255,0.1290128231048584,0.01664431020617485,3.733768707482993,1.6853208802794852,2.840306469506019
24,"Tipsy Hogai VIDEO Song Dilliwaali Zaalim Girlfriend   Dr Zeus ,Pooja   Natalia Kapchuk Divyendu.mp3",107.666015625,134665,1294.8557692307693,0.4559338351603227,0.289153719630894,0.08360987357638164,0.5776133708431916,0.2482316021540098,0.06161892830794661,0.2752512366963351,0.0870062643174125,0.007570090030471448,11.64800419991097,129.56494634244015,16787.075320719396,-0.2959077324293557,33.492143586766204,1121.7236820365647,0.0068280773350363946,4.060969092166493,16.491469967531554,0.20318400859832764,0.13657350838184357,0.01865232177078724,3330.860599701459,995.4091894779057,990839.4544970611,2638.194474213919,454.23980967881505,206333.80469704611,20.875351656619358,7.578819849533596,57.43851031168443,6346.815788339904,1845.5349799569976,3405999.3622448756,2.3128680631807725,3.411861963200008,11.640802055931012,-0.009297643626073271,0.048921575265539384,0.0023933205264618346,0.20447079685081268,0.10616016212891038,0.011269980023236538,-2.604380097182002e-05,0.11950637400150299,0.014281773008406162,0.0002596341073513031,0.17272736132144928,0.029834741726517677,3.2774965986394564,2.0393978567362416,4.159143618060376
25,"Train - Hey, Soul Sister.mp3",95.703125,123519,1286.65625,0.31498785460961387,0.3082026584188494,0.09498887865644598,0.5732871103326819,0.25510753362748356,0.06507985371349767,0.26881369723226556,0.10522608760974243,0.011072529513653189,7.292351220858114,52.41221538689315,2747.040321762079,-0.39310987136692305,42.420616212287015,1799.508679830148,0.013891553892105266,3.4310605031829766,11.77217617650222,0.16669277846813202,0.07606790214776993,0.005786325316876173,2275.9640079802252,841.1526918874603,707537.8510695207,2500.3535754890477,401.2110745073674,160970.32630735633,21.35645188263967,7.450563551191667,55.51089723034578,5022.344630569128,1606.3343723087617,2580310.1156605836,1.8148256153294302,2.3876338231173073,5.700795273293768,0.0070047992112177715,0.06298221586049801,0.003966759514698368,0.09723618451286764,0.06951843323411189,0.004832812559325672,-3.082946568611078e-05,0.11611397564411163,0.013482456095516682,-0.00017754032160155475,0.11392915993928909,0.012979852966964245,2.9466122448979597,1.3163461716461005,1.732767243607345
26,Travie McCoy  Billionaire ft. Bruno Mars [OFFICIAL VIDEO].mp3,172.265625,211610,1282.4848484848485,0.3024296304269126,0.3138842773161876,0.09852333954630539,0.4446548787084364,0.29439750575807544,0.08666989139657608,0.2526910963190663,0.13747744476227566,0.018900047818364556,4.690092795014316,41.782264483509316,1745.7576253699242,-9.813356101932506,46.563025720459166,2168.115364244142,0.014067534278950059,3.3964160109631667,11.53564171952695,0.12723471224308014,0.07718700915575027,0.005957834422588348,2432.1073172476913,937.8681023137641,879596.5773376211,2344.6645209450485,541.8909143947079,293645.7631035327,22.019767669145118,7.671016624852362,58.84449605876132,4729.696400172939,1853.100484145467,3433981.404340164,1.399814750415949,1.9592271715824188,3.838571109866845,-0.0059729779352288665,0.08577829985050663,0.007357916725243424,0.11629351447610294,0.07416566159086262,0.005500545359210355,-4.765372807469248e-07,0.10810764133930206,0.01168726198375225,2.4252394723589532e-05,0.07192956656217575,0.005173862911760807,3.8696054421768706,1.3504010760632157,1.823583066232691
27,Tu Meri Full Video   BANG BANG!   Hrithik Roshan & Katrina Kaif   Vishal Shekhar   Dance Party Song.mp3,89.10290948275862,111241,1249.8988764044943,0.27473703425279083,0.29542401864832285,0.08727535079432461,0.4716087640397753,0.2800103861033985,0.07840581632577431,0.25835929703830846,0.12877813078005296,0.01658380696720442,2.634703680229845,19.528738640569596,381.3716328916761,-10.575805872935328,46.95490062950122,2204.762693126334,0.011728841653983217,2.635946970024722,6.948216428782512,0.09667512774467468,0.057128794491291046,0.0032636993564665318,2666.5033582568394,897.1240791650562,804831.61341775,2648.315191117872,589.4237625551043,347420.371864616,22.225815069772292,6.905855917265799,47.69084595003505,5813.398180509868,2037.5697392007576,4151690.4421066428,1.0764621566170776,1.4850902278163973,2.205492984755759,-0.00813246550975983,0.08402835585245978,0.007060764587267613,0.11459681271768576,0.0595071408376933,0.0035410998106770657,-1.7160155039164238e-06,0.08999589085578918,0.008099260739982128,-1.2977713595319074e-05,0.04219505563378334,0.0017804227536544204,2.216344671201814,1.2190912938942309,1.4861835828487098
28,Tune Maari Entriyaan - Full Song   Gunday   Ranveer Singh   Arjun Kapoor   Priyanka Chopra.mp3,129.19921875,155515,1264.3495934959349,0.41346299617372706,0.2912836566772486,0.08484616864726922,0.5361213695713289,0.2509729746592732,0.0629874340093242,0.27308160637141704,0.09359364078258622,0.008759769594939787,11.934277852366725,60.755873367312695,3691.2761486249365,4.590110380838994,34.942653146166926,1220.9890088933296,0.012561681681988545,3.199031811808509,10.233804532962832,0.22382088005542755,0.06859063357114792,0.004704674705862999,2089.4431803480797,810.2491141731026,656503.6270182974,2367.378411542514,518.0508806901277,268376.7149838169,18.854212294894506,6.895082571268537,47.54216366461114,4631.601160008103,1804.4597402394786,3256074.9541451265,2.8636119120208936,3.361484141500723,11.299575633560853,0.0114541160845833,0.05719235536848628,0.003270965512595222,0.08958203578511997,0.05754346116737703,0.0033112499231214287,-0.00010820483294082806,0.1584162712097168,0.025095714256167412,-0.0005618254072032869,0.11033043265342712,0.012172804214060307,2.61340589569161,1.2852507089894616,1.6518693849579136
29,U2 - Beautiful Day.mp3,67.99958881578948,77895,1217.109375,0.41101471855835775,0.29372480722073346,0.08627426237685702,0.6263610053880165,0.22413717901867283,0.050237475018448594,0.27948495590757516,0.07225989727832528,0.005221492754674121,0.6743303540733139,3.4463850674317564,11.877570033016593,-4.867578837388363,59.47484887283652,3537.2576484467436,0.011721215646477753,2.7412874156731175,7.514656695327799,0.05113900452852249,0.020134204998612404,0.00040538617759011686,1917.952846162652,841.5222343941477,708159.670979719,2133.3932763285966,516.2935561227416,266559.03609386657,20.600723208672218,5.835691425005554,34.05529440788336,4001.338304454697,1624.429325335696,2638770.633010584,0.6495867718293526,0.7922793299908627,0.6277065367307704,0.0008402946774259062,0.045732226549855905,0.0020914365452073453,0.08652158565934598,0.05767102932172335,0.003325947623027074,-5.072474232292734e-05,0.034527357667684555,0.0011921384138986468,-0.00024916898109950125,0.029381053522229195,0.00086324627045542,3.4481632653061225,1.5287567418543873,2.3370971757652415
30,"Westside Cast â€“ Vibe (feat. Taz Zavala, Leo Gallo & Arika Gluck) [Official HD Video ]   Netflix.mp3",117.45383522727273,145857,1325.9727272727273,0.36607963113882647,0.3064381158742405,0.09390431886055445,0.49670272480594047,0.2802355465514016,0.07853196155096277,0.2576981202026699,0.12972379485405686,0.01682826295133743,9.994082680268026,62.09718080284942,3856.059863661771,0.7119281971144723,40.27995614496163,1622.474867040032,0.010925262109981269,3.327000290819549,11.068930935113363,0.19558969140052795,0.09383823722600937,0.008805614896118641,2465.2699118388055,933.0437720239009,870570.6805125892,2437.1961703911675,647.0922725357023,418728.4091754196,20.257635370990275,6.440063098674765,41.47441271491241,5074.373482624444,1987.1758056645476,3948867.682618544,2.5034987089232326,3.27021048267265,10.694276600982086,0.005638426549896884,0.06513487059158247,0.004242551366982195,0.11085174843991873,0.06399448210301163,0.004095293739632675,-3.903602646460058e-06,0.1534244567155838,0.023539062589406967,-0.000287476897938177,0.10784918069839478,0.011631445959210396,5.039891156462585,1.4547718539809584,2.116361147135195
31,Whitney Houston - When You Believe (From The Prince Of Egypt).mp3,123.046875,109747,1959.767857142857,0.2779338963404402,0.28939623172442497,0.08375017893629708,0.4139517848899633,0.2818141318652305,0.07941920491895353,0.2263320319768291,0.1791846662931094,0.03210714463457297,0.48376278128413575,4.214848895703161,17.76495121361016,-8.86299644752531,70.20102575301082,4928.184016774889,0.007257287063593601,1.7456521238141693,3.0473013373769198,0.03833986818790436,0.0293698962777853,0.0008625908521935344,2062.9535300083758,1108.1328095824801,1227958.3236731614,2317.151206163028,696.2889853807319,484818.351162529,21.55897155256255,5.538682659548219,30.677005603180138,4436.702338534612,2492.1048502517942,6210586.584648519,0.4270310280759519,0.6443152268280994,0.41514211152254515,-0.0020918072813760676,0.09487546230746956,0.009001353348056077,0.08682562766060371,0.06987443800523419,0.004882437086547316,-4.522858489508508e-06,0.041011687368154526,0.001681958558037877,-2.9623581212945282e-05,0.016282346099615097,0.0002651147951837629,30.880217687074833,7.416247411150843,55.00072566340159
